<?xml version="1.0" encoding="UTF-8" standalone="no"?>
<!-- Licensed Materials - Property of IBM
			 5725-I43 (C) Copyright IBM Corp. 2006, 2013. All Rights Reserved.
			 US Government Users Restricted Rights - Use, duplication or
             disclosure restricted by GSA ADP Schedule Contract with IBM Corp. --><!-- Attribute "id" must be identical to application folder name --><application xmlns="http://www.worklight.com/application-descriptor" id="pocMobileFirst" platformVersion="6.3.0.00.20150214-1702">
    <displayName>pocMobileFirst</displayName>
    <description>pocMobileFirst</description>
    <author>
        <name>application's author</name>
        <email>application author's e-mail</email>
        <homepage>http://mycompany.com</homepage>
        <copyright>Copyright My Company</copyright>
    </author>
    <mainFile>index.html</mainFile>
    <features>
        <JSONStore/>
    </features>
    <thumbnailImage>common/images/thumbnail.png</thumbnailImage>
    <ipad bundleId="com.pocMobileFirst" version="1.0">
        <worklightSettings include="false"/>
        <security>
            <encryptWebResources enabled="false"/>
            <testWebResourcesChecksum enabled="false" ignoreFileExtensions="png, jpg, jpeg, gif, mp4, mp3"/>
        </security>
    </ipad>
</application>
