<?xml version="1.0" encoding="UTF-8" standalone="no"?>
<!--
    COPYRIGHT LICENSE: This information contains sample code provided in source code form. You may copy, modify, and distribute
    these sample programs in any form without payment to IBM® for the purposes of developing, using, marketing or distributing
    application programs conforming to the application programming interface for the operating platform for which the sample code is written.
    Notwithstanding anything to the contrary, IBM PROVIDES THE SAMPLE SOURCE CODE ON AN "AS IS" BASIS AND IBM DISCLAIMS ALL WARRANTIES,
    EXPRESS OR IMPLIED, INCLUDING, BUT NOT LIMITED TO, ANY IMPLIED WARRANTIES OR CONDITIONS OF MERCHANTABILITY, SATISFACTORY QUALITY,
    FITNESS FOR A PARTICULAR PURPOSE, TITLE, AND ANY WARRANTY OR CONDITION OF NON-INFRINGEMENT. IBM SHALL NOT BE LIABLE FOR ANY DIRECT,
    INDIRECT, INCIDENTAL, SPECIAL OR CONSEQUENTIAL DAMAGES ARISING OUT OF THE USE OR OPERATION OF THE SAMPLE SOURCE CODE.
    IBM HAS NO OBLIGATION TO PROVIDE MAINTENANCE, SUPPORT, UPDATES, ENHANCEMENTS OR MODIFICATIONS TO THE SAMPLE SOURCE CODE.
 -->
<!-- Attribute "id" must be identical to application folder name -->
<application xmlns="http://www.worklight.com/application-descriptor" id="PushNotifications" platformVersion="6.3.0.00.20140819-1359">
    <displayName>PushNotifications</displayName>
    <description>PushNotifications</description>
    <author>
        <name>application's author</name>
        <email>application author's e-mail</email>
        <homepage>http://mycompany.com</homepage>
        <copyright>Copyright My Company</copyright>
    </author>
    <mainFile>index.html</mainFile>
    <features/>
    <thumbnailImage>common/images/thumbnail.png</thumbnailImage>
    <android securityTest="PushApplication-strong-mobile-securityTest" version="1.0">
        <worklightSettings include="false"/>
        <pushSender key="GCM_key" senderId="GCM_ID"/>
        <security>
            <encryptWebResources enabled="false"/>
            <testWebResourcesChecksum enabled="false" ignoreFileExtensions="png, jpg, jpeg, gif, mp4, mp3"/>
            <publicSigningKey>Replace this text with the actual public signing key of the certificate used to sign the APK, available by using the 'Extract public signing key' wizard.</publicSigningKey>
            <packageName>Replace this text with the actual package name of the application, which is the value of the 'package' attribute in the 'manifest' element in AndroidManifest.xml file.</packageName>
        </security>
    </android>
</application>
