﻿{
"refData":[
{"numcli":"23346","numsous":"020184T","nom":"LAUSSERAND ET FILS","codepostal":"02160","ville":"LONGUEVAL BARBONVAL"},
{"numcli":"972972","numsous":"332130R","nom":"DE MIRANDA PRADILLON EURL","codepostal":"03410","ville":"DOMERAT"},
{"numcli":"474623","numsous":"310452J","nom":"PELESTOR ELECTRICITE","codepostal":"04000","ville":"DIGNE LES BAINS"},
{"numcli":"242329","numsous":"365768C","nom":"DOS SANTOS SARL","codepostal":"10800","ville":"MOUSSEY"},
{"numcli":"238460","numsous":"391702L","nom":"ETELEC SARL","codepostal":"13010","ville":"MARSEILLE"},
{"numcli":"248414","numsous":"402665M","nom":"ALBERTI SEEP","codepostal":"13200","ville":"ARLES"},
{"numcli":"247616","numsous":"491291H","nom":"SAUTEL JACK","codepostal":"13520","ville":"MAUSSANE LES ALPILLES"},
{"numcli":"264390","numsous":"068588D","nom":"PIQUOT SARL","codepostal":"14000","ville":"CAEN"},
{"numcli":"933931","numsous":"548234J","nom":"CABINET JEAN MARC BERNAUS","codepostal":"14510","ville":"HOULGATE"},
{"numcli":"138662","numsous":"170238A","nom":"ALBERT SA","codepostal":"17130","ville":"MONTENDRE"},
{"numcli":"138233","numsous":"234111B","nom":"AMTT SARL","codepostal":"17137","ville":"L HOUMEAU"},
{"numcli":"172744","numsous":"439744C","nom":"S T D HORIZONS","codepostal":"19000","ville":"TULLE"},
{"numcli":"172722","numsous":"312126Z","nom":"CONTANT ENTREPRISE S.A.","codepostal":"19210","ville":"LUBERSAC"},
{"numcli":"172870","numsous":"190071P","nom":"SARL ROUBEYRIE","codepostal":"19260","ville":"TREIGNAC"},
{"numcli":"174587","numsous":"428103W","nom":"COUVERTURE CHARPENTE PRAT FRERES","codepostal":"19600","ville":"ST PANTALEON DE LARCHE"},
{"numcli":"527610","numsous":"493816Z","nom":"SAS MAESTRIA","codepostal":"20260","ville":"CALVI"},
{"numcli":"1002314","numsous":"657459Q","nom":"CONSTRUCTIONS ASV","codepostal":"22520","ville":"BINIC"},
{"numcli":"8212","numsous":"491282G","nom":"ETS INVERNIZZI FRERES","codepostal":"26300","ville":"CHATUZANGE LE GOUBET"},
{"numcli":"468880","numsous":"535921B","nom":"E.G.P.R J.DAUBIN","codepostal":"28300","ville":"LEVES"},
{"numcli":"938143","numsous":"554143F","nom":"AUDELAN   BARON","codepostal":"28630","ville":"NOGENT LE PHAYE"},
{"numcli":"1002805","numsous":"586510A","nom":"LA BRESTOISE DE PEINTURE","codepostal":"29200","ville":"BREST"},
{"numcli":"1017486","numsous":"596271J","nom":"LE FER TP","codepostal":"29300","ville":"REDENE"},
{"numcli":"50116","numsous":"359655T","nom":"BERNARD TP","codepostal":"30340","ville":"ST PRIVAT DES VIEUX"},
{"numcli":"970156","numsous":"566834A","nom":"RENOUARD REB SARL","codepostal":"30360","ville":"DEAUX"},
{"numcli":"222236","numsous":"075026M","nom":"PRAT SA","codepostal":"31100","ville":"TOULOUSE"},
{"numcli":"1139017","numsous":"438581R","nom":"VERTEO","codepostal":"31100","ville":"TOULOUSE"},
{"numcli":"224958","numsous":"311075G","nom":"GECA","codepostal":"31120","ville":"PORTET SUR GARONNE"},
{"numcli":"1125159","numsous":"396223G","nom":"CHTP EURL","codepostal":"31150","ville":"LESPINASSE"},
{"numcli":"224031","numsous":"276418J","nom":"RES SARL","codepostal":"31270","ville":"CUGNAUX"},
{"numcli":"925155","numsous":"593125V","nom":"TAB SARL","codepostal":"31270","ville":"CUGNAUX"},
{"numcli":"1072792","numsous":"351106E","nom":"JDMG SARL","codepostal":"31300","ville":"TOULOUSE"},
{"numcli":"223281","numsous":"245344J","nom":"CABANAC ET FILS","codepostal":"31310","ville":"MONTESQUIEU VOLVESTRE"},
{"numcli":"1049254","numsous":"338384S","nom":"CDS SARL","codepostal":"31390","ville":"CARBONNE"},
{"numcli":"951873","numsous":"560443Y","nom":"CONSTRUCTION PRO","codepostal":"31850","ville":"BEAUPUY"},
{"numcli":"1165361","numsous":"486448P","nom":"ARCACHON PLOMBERIE COUVERTURE","codepostal":"33120","ville":"ARCACHON"},
{"numcli":"745106","numsous":"332732Q","nom":"SARL VERGEZ COURET JEAN PAUL","codepostal":"33121","ville":"CARCANS"},
{"numcli":"477994","numsous":"640434G","nom":"BOMAS CONSTRUCTION","codepostal":"33130","ville":"BEGLES"},
{"numcli":"32073","numsous":"406985T","nom":"S I C C BET","codepostal":"33390","ville":"CARTELEGUE"},
{"numcli":"349372","numsous":"452767M","nom":"CLIM ELEC SARL","codepostal":"33750","ville":"BEYCHAC ET CAILLAU"},
{"numcli":"10136724","numsous":"624337M","nom":"SERBER 2.0 SARL","codepostal":"33980","ville":"AUDENGE"},
{"numcli":"524854","numsous":"489048U","nom":"MENUISERIE RACANIER SAS","codepostal":"34170","ville":"CASTELNAU LE LEZ"},
{"numcli":"316095","numsous":"235379G","nom":"LANGUEDOC CHARPENTES SARL","codepostal":"34370","ville":"MARAUSSAN"},
{"numcli":"493794","numsous":"545581U","nom":"ROQUES ET FILS CONSTRUCTION","codepostal":"34630","ville":"ST THIBERY"},
{"numcli":"531741","numsous":"495904C","nom":"METAL CONCEPT SARL","codepostal":"35140","ville":"ST AUBIN DU CORMIER"},
{"numcli":"116769","numsous":"019396Y","nom":"COREPEINT SNC DUFFORT ET CIE","codepostal":"40140","ville":"SOUSTONS"},
{"numcli":"1009618","numsous":"598583E","nom":"SAV GCL","codepostal":"41100","ville":"VENDOME"},
{"numcli":"479572","numsous":"338914M","nom":"ISOLBA 41 ","codepostal":"41105","ville":"ST OUEN"},
{"numcli":"330760","numsous":"093690X","nom":"E T P O","codepostal":"44105","ville":"NANTES CEDEX 4"},
{"numcli":"331739","numsous":"264454Q","nom":"MOUCHET ET EON","codepostal":"44300","ville":"NANTES"},
{"numcli":"480324","numsous":"491139G","nom":"STE DOUAUD AGENCEMENT","codepostal":"44310","ville":"ST PHILBERT DE GRAND LIEU"},
{"numcli":"10131966","numsous":"592522S","nom":"JAUNAULT MATERIELS","codepostal":"44330","ville":"LA CHAPELLE HEULIN"},
{"numcli":"480174","numsous":"321148S","nom":"SARL HALBERT","codepostal":"44370","ville":"BELLIGNE"},
{"numcli":"329754","numsous":"982569Z","nom":"CM BATIM ","codepostal":"44440","ville":"TEILLE"},
{"numcli":"328421","numsous":"523674V","nom":"EURL LAMBALLE PATRICE","codepostal":"44490","ville":"LE CROISIC"},
{"numcli":"328168","numsous":"025257C","nom":"ENTREPRISE SENAND","codepostal":"44510","ville":"LE POULIGUEN"},
{"numcli":"1133816","numsous":"424304T","nom":"BERTIN ECHAFAUDAGES","codepostal":"44800","ville":"ST HERBLAIN"},
{"numcli":"111639","numsous":"450503Q","nom":"BTPO SA","codepostal":"45073","ville":"ORLEANS CEDEX 2"},
{"numcli":"1134738","numsous":"438760P","nom":"ACRO BAT","codepostal":"45170","ville":"ASCHERES LE MARCHE"},
{"numcli":"46533","numsous":"480016F","nom":"BOUSQUET FRERES ET FILS SARL","codepostal":"48000","ville":"MENDE"},
{"numcli":"10029280","numsous":"606665K","nom":"GMB","codepostal":"49120","ville":"CHEMILLE"},
{"numcli":"296551","numsous":"205798L","nom":"DEFONTAINE SAS","codepostal":"49280","ville":"LA SEGUINIERE"},
{"numcli":"323370","numsous":"226563N","nom":"GUERIN - PREFANOR","codepostal":"50000","ville":"ST LO"},
{"numcli":"143061","numsous":"511252Q","nom":"ENTREPRISE SCHANUS S A E","codepostal":"51100","ville":"REIMS"},
{"numcli":"480979","numsous":"475414F","nom":"ALUTEC SARL","codepostal":"51370","ville":"ST BRICE COURCELLES"},
{"numcli":"914809","numsous":"531776V","nom":"SOCIETE BRETONNE DE TRAVAUX SPECIAUX S B T S","codepostal":"56300","ville":"PONTIVY"},
{"numcli":"235091","numsous":"501513V","nom":"YILMAZ FRANCK SARL","codepostal":"58000","ville":"ST ELOI"},
{"numcli":"481355","numsous":"592697A","nom":"HOUSSIN ET FILS SARL","codepostal":"58800","ville":"CORBIGNY"},
{"numcli":"933094","numsous":"553186S","nom":"T B S","codepostal":"60370","ville":"HERMES"},
{"numcli":"169395","numsous":"500907L","nom":"CHAMEREAU","codepostal":"60600","ville":"FITZ JAMES"},
{"numcli":"838853","numsous":"588549X","nom":"NAJAR ","codepostal":"60730","ville":"CAUVIGNY"},
{"numcli":"835503","numsous":"512153E","nom":"WIART ET FILS","codepostal":"60810","ville":"BARBERY"},
{"numcli":"946574","numsous":"499934D","nom":"LJC BATIMENT","codepostal":"63170","ville":"AUBIERE"},
{"numcli":"149669","numsous":"232887C","nom":"ENERGC","codepostal":"63501","ville":"ISSOIRE CEDEX"},
{"numcli":"149049","numsous":"096139M","nom":"CHANTELAUZE SARL","codepostal":"63940","ville":"MARSAC EN LIVRADOIS"},
{"numcli":"1050910","numsous":"331303S","nom":"ARREBAT SARL","codepostal":"64100","ville":"BAYONNE"},
{"numcli":"482324","numsous":"321585H","nom":"GARATE SANSINENA SARL","codepostal":"64310","ville":"ASCAIN"},
{"numcli":"161712","numsous":"463386M","nom":"BURLO ENTREPRISE","codepostal":"65100","ville":"LOURDES"},
{"numcli":"639465","numsous":"514427T","nom":"PLUSQUELLEC PATRICE SARL","codepostal":"66120","ville":"ODEILLO VIA"},
{"numcli":"945784","numsous":"555516W","nom":"AMBIANCE PARQUETS","codepostal":"69140","ville":"RILLIEUX LA PAPE"},
{"numcli":"463616","numsous":"481131U","nom":"SARL PAPIN BERNARD","codepostal":"72440","ville":"BOULOIRE"},
{"numcli":"484032","numsous":"483838B","nom":"ALPES ZINGUERIE","codepostal":"74960","ville":"MEYTHET"},
{"numcli":"994477","numsous":"581938E","nom":"INCLEX","codepostal":"75014","ville":"PARIS"},
{"numcli":"951423","numsous":"562967K","nom":"RESEAUX ENVIRONNEMENT SAS","codepostal":"76110","ville":"BREAUTE"},
{"numcli":"292461","numsous":"432514F","nom":"O.S.M SAS","codepostal":"76150","ville":"ST JEAN DU CARDONNAY"},
{"numcli":"291945","numsous":"014140W","nom":"BTP CFA  HAUTE NORMANDIE","codepostal":"76178","ville":"ROUEN CEDEX"},
{"numcli":"243234","numsous":"413326B","nom":"SFP LEDUN DOMINIQUE","codepostal":"76400","ville":"FECAMP"},
{"numcli":"245084","numsous":"393313F","nom":"DUDAS SAS","codepostal":"76430","ville":"ST ROMAIN DE COLBOSC"},
{"numcli":"839524","numsous":"540670F","nom":"TOITURES HAMEL","codepostal":"76460","ville":"ST VALERY EN CAUX"},
{"numcli":"243562","numsous":"406006H","nom":"MORICHON YVES SARL","codepostal":"76540","ville":"SASSETOT LE MAUCONDUIT"},
{"numcli":"10125566","numsous":"566365T","nom":"ARHC","codepostal":"76600","ville":"LE HAVRE"},
{"numcli":"895686","numsous":"308554K","nom":"MANEO","codepostal":"76620","ville":"LE HAVRE"},
{"numcli":"811322","numsous":"508547N","nom":"BUQUET SAS","codepostal":"76700","ville":"ST LAURENT DE BREVEDENT"},
{"numcli":"986921","numsous":"578747G","nom":"FDLS","codepostal":"77000","ville":"VAUX LE PENIL"},
{"numcli":"1124900","numsous":"396532W","nom":"GUILLAUMEE","codepostal":"77100","ville":"MAREUIL LES MEAUX"},
{"numcli":"551260","numsous":"543038C","nom":"LES DEMOLISSEURS REUNIS","codepostal":"77157","ville":"EVERLY"},
{"numcli":"55323","numsous":"389401K","nom":"DE CARVALHO","codepostal":"77177","ville":"BROU SUR CHANTEREINE"},
{"numcli":"1020111","numsous":"598036C","nom":"BATIMENT MAISON RENOVATION","codepostal":"77330","ville":"OZOIR LA FERRIERE"},
{"numcli":"350921","numsous":"455813X","nom":"COQUARD SA","codepostal":"77340","ville":"PONTAULT COMBAULT"},
{"numcli":"185014","numsous":"507092Z","nom":"SERMEL LEFFRAY","codepostal":"77550","ville":"MOISSY CRAMAYEL"},
{"numcli":"457480","numsous":"457268W","nom":"TRIANGLE PEINTURE STP","codepostal":"78500","ville":"SARTROUVILLE"},
{"numcli":"828593","numsous":"005330U","nom":"SARL BOSSARD","codepostal":"79320","ville":"MONCOUTANT"},
{"numcli":"23615","numsous":"263693P","nom":"SARL JEAN LUC DENIS","codepostal":"80080","ville":"AMIENS"},
{"numcli":"23106","numsous":"247554F","nom":"SARL ENTREPRISE PIERRE LEGAY","codepostal":"80140","ville":"OISEMONT"},
{"numcli":"23058","numsous":"247539G","nom":"BOINET VDN","codepostal":"80420","ville":"FLIXECOURT"},
{"numcli":"25491","numsous":"357319Q","nom":"EPURE SARL","codepostal":"80480","ville":"SALOUEL"},
{"numcli":"485107","numsous":"471081H","nom":"ETS LEGUE MICHEL","codepostal":"80480","ville":"SALEUX"},
{"numcli":"912753","numsous":"530649R","nom":"CLIMAT SYSTEM EURL","codepostal":"83160","ville":"LA VALETTE DU VAR"},
{"numcli":"272847","numsous":"178239F","nom":"CASINI SAS","codepostal":"83320","ville":"CARQUEIRANNE"},
{"numcli":"251147","numsous":"411520G","nom":"SEGEPRIM","codepostal":"83400","ville":"HYERES"},
{"numcli":"839483","numsous":"534186A","nom":"PROVENCE CLOISONS ISOLATION VAR","codepostal":"83500","ville":"LA SEYNE SUR MER"},
{"numcli":"767920","numsous":"583224C","nom":"CAP SUD SARL","codepostal":"83640","ville":"ST ZACHARIE"},
{"numcli":"275028","numsous":"413446C","nom":"SOGETRA SAS","codepostal":"83700","ville":"ST RAPHAEL"},
{"numcli":"272430","numsous":"025559B","nom":"ENTREPRISE CARRION ET CAPEZZONE","codepostal":"83980","ville":"LE LAVANDOU"},
{"numcli":"781395","numsous":"581956G","nom":"THOMAS FACADES","codepostal":"84260","ville":"SARRIANS"},
{"numcli":"5009","numsous":"185474D","nom":"VENDEE SANI THERM","codepostal":"85280","ville":"LA FERRIERE"},
{"numcli":"996237","numsous":"585140N","nom":"BETHUYS SARL","codepostal":"85300","ville":"CHALLANS"},
{"numcli":"5433","numsous":"283513T","nom":"ROTURIER SA","codepostal":"85702","ville":"POUZAUGES CEDEX"},
{"numcli":"5626","numsous":"347106G","nom":"BERTHOME SARL","codepostal":"85800","ville":"ST GILLES CROIX DE VIE"},
{"numcli":"334980","numsous":"447413U","nom":"AUGRY ENTREPRISE SARL","codepostal":"86340","ville":"FLEURE"},
{"numcli":"1108254","numsous":"655618M","nom":"CORNET SARL","codepostal":"86340","ville":"FLEURE"},
{"numcli":"688264","numsous":"594416S","nom":"MAUPIN ETS","codepostal":"86340","ville":"FLEURE"},
{"numcli":"1012001","numsous":"593976A","nom":"CNR SARL","codepostal":"86400","ville":"ST SAVIOL"},
{"numcli":"334351","numsous":"035396U","nom":"BOTTREAU ET FILS SARL","codepostal":"86410","ville":"LHOMMAIZE"},
{"numcli":"10157612","numsous":"684534V","nom":"SARL MENUISERIE JEST","codepostal":"87200","ville":"ST JUNIEN"},
{"numcli":"990064","numsous":"578833P","nom":"MFR SARL","codepostal":"87270","ville":"COUZEIX"},
{"numcli":"16022","numsous":"249241X","nom":"SATR  SOCIETE AUREYRE","codepostal":"89000","ville":"ST GEORGES SUR BAULCHE"},
{"numcli":"16826","numsous":"373598M","nom":"TECHNIC ELEC SARL","codepostal":"89000","ville":"AUXERRE"},
{"numcli":"15918","numsous":"026731Y","nom":"ZIEGLER SARL","codepostal":"89100","ville":"PARON"},
{"numcli":"17918","numsous":"411871C","nom":"LA CELLOISE","codepostal":"89116","ville":"LA CELLE ST CYR"},
{"numcli":"16054","numsous":"120627T","nom":"GCTP SARL GOULLEY COIMBRA TP","codepostal":"89144","ville":"LIGNY LE CHATEL"},
{"numcli":"882277","numsous":"526780X","nom":"ELEGIE","codepostal":"89150","ville":"ST VALERIEN"},
{"numcli":"549810","numsous":"494860J","nom":"DANIEL NOUVEL BATIMENT EURL","codepostal":"89200","ville":"ETAULE"},
{"numcli":"16760","numsous":"890757A","nom":"PAUL ET FILS SARL","codepostal":"89210","ville":"ESNON"},
{"numcli":"18065","numsous":"411864D","nom":"ENVIRONNEMENT TP DE BOURGOGNE","codepostal":"89240","ville":"VILLEFARGEAU"},
{"numcli":"16164","numsous":"163926F","nom":"YVOIS PERE ET FILS SARL","codepostal":"89430","ville":"COMMISSEY"},
{"numcli":"531405","numsous":"485908L","nom":"BILLAUDET GREGORY ENTREPRISE","codepostal":"89460","ville":"BAZARNES"},
{"numcli":"16058","numsous":"890764H","nom":"CHIAVAZZA S.A.","codepostal":"89470","ville":"MONETEAU"},
{"numcli":"706337","numsous":"507248Z","nom":"S3R","codepostal":"91350","ville":"GRIGNY"},
{"numcli":"1156485","numsous":"641903C","nom":"SOCIETE DELTA 45","codepostal":"92100","ville":"BOULOGNE BILLANCOURT"},
{"numcli":"982214","numsous":"594844F","nom":"BRAGA CONSTROI","codepostal":"93170","ville":"BAGNOLET"},
{"numcli":"75059","numsous":"426247T","nom":"ATLANTE CONSTRUCTION SAS","codepostal":"94240","ville":"L HAY LES ROSES"},
{"numcli":"289716","numsous":"754425U","nom":"ATELIERS HALIMI","codepostal":"94260","ville":"FRESNES"},
{"numcli":"290930","numsous":"494326E","nom":"SOTRATER","codepostal":"94290","ville":"VILLENEUVE LE ROI"},
{"numcli":"175195","numsous":"441099F","nom":"SADEV 94","codepostal":"94300","ville":"VINCENNES"},
{"numcli":"288131","numsous":"244723D","nom":"CORENAM","codepostal":"94400","ville":"VITRY SUR SEINE"},
{"numcli":"105317","numsous":"750198R","nom":"MAUGEIN FRERES","codepostal":"94400","ville":"VITRY SUR SEINE"},
{"numcli":"290785","numsous":"459460V","nom":"MBCP SARL","codepostal":"94400","ville":"VITRY SUR SEINE"},
{"numcli":"1164619","numsous":"482471A","nom":"SBIM","codepostal":"94400","ville":"VITRY SUR SEINE"},
{"numcli":"288330","numsous":"756242N","nom":"SERDUCO","codepostal":"94400","ville":"VITRY SUR SEINE"},
{"numcli":"288691","numsous":"236569Y","nom":"STE S E T C R","codepostal":"94400","ville":"VITRY SUR SEINE"},
{"numcli":"1160300","numsous":"479963Z","nom":"SMTCE","codepostal":"94490","ville":"ORMESSON SUR MARNE"},
{"numcli":"289521","numsous":"077959B","nom":"ACELEC","codepostal":"94500","ville":"CHAMPIGNY SUR MARNE"},
{"numcli":"487043","numsous":"570435L","nom":"COREMAT-CONCEPTION REALISATION MAINTEN","codepostal":"94550","ville":"CHEVILLY LARUE"},
{"numcli":"76554","numsous":"242885X","nom":"NOVIMO SA","codepostal":"95100","ville":"ARGENTEUIL"},
{"numcli":"178168","numsous":"505986U","nom":"CCB CLOS ET COUVERT DU BATIMENT","codepostal":"95560","ville":"BAILLET EN FRANCE"}
]}