<?xml version="1.0" encoding="UTF-8"?>
<!--
    Licensed Materials - Property of IBM
    5725-I43 (C) Copyright IBM Corp. 2011, 2013. All Rights Reserved.
    US Government Users Restricted Rights - Use, duplication or
    disclosure restricted by GSA ADP Schedule Contract with IBM Corp.
-->
<wl:adapter name="feeds"
	xmlns:xsi="http://www.w3.org/2001/XMLSchema-instance" 
	xmlns:wl="http://www.ibm.com/mfp/integration"
	xmlns:http="http://www.ibm.com/mfp/integration/http">

	<displayName>feeds</displayName>
	<description>feeds</description>
	<connectivity>
		<connectionPolicy xsi:type="http:HTTPConnectionPolicyType" supportsConnectAsUser="true">
			<protocol>https</protocol>
			<domain>ajax.googleapis.com</domain>
			<port>-1</port>
			<connectionTimeoutInMilliseconds>30000</connectionTimeoutInMilliseconds>
			<socketTimeoutInMilliseconds>30000</socketTimeoutInMilliseconds>
			<maxConcurrentConnectionsPerNode>50</maxConcurrentConnectionsPerNode>			
		</connectionPolicy>
	</connectivity>


	<procedure name="getFeeds" connectAs="server"> </procedure>
	<procedure name="addFeed"> </procedure>
	<procedure name="updateFeed"> </procedure>
	<procedure name="deleteFeed"> </procedure>
	
	

	
	
</wl:adapter>
